{
    "loss": 15.476195335388184,
    "accuracy": 0.6236559152603149,
    "classification_report": {
        "adenocarcinoma": {
            "precision": 0.0,
            "recall": 0.0,
            "f1-score": 0.0,
            "support": 35.0
        },
        "normal": {
            "precision": 0.6236559139784946,
            "recall": 1.0,
            "f1-score": 0.7682119205298014,
            "support": 58.0
        },
        "accuracy": 0.6236559139784946,
        "macro avg": {
            "precision": 0.3118279569892473,
            "recall": 0.5,
            "f1-score": 0.3841059602649007,
            "support": 93.0
        },
        "weighted avg": {
            "precision": 0.3889466990403515,
            "recall": 0.6236559139784946,
            "f1-score": 0.479099907427188,
            "support": 93.0
        }
    },
    "confusion_matrix": [
        [
            0,
            35
        ],
        [
            0,
            58
        ]
    ]
}